adc,add,addpd,addsd,aesenc,and,andpd,andps,arpl,bsf,bsr,bswap,bt,btc,btr,bts,call,callf,cbw,cdq,cdqe,clc,cld,cli,clts,cmc,cmova,cmovbe,cmovc,cmovg,cmovge,cmovl,cmovle,cmovnc,cmovno,cmovnp,cmovns,cmovnz,cmovo,cmovp,cmovs,cmovz,cmp,cmpeqsd,cmpnlepd,cmpsb,cmpsd,cmpxchg,comisd,cpuid,cqo,cvtdq,cvtpd,cvtps,cvtsd,cvtsi,cvtss,cvttsd,cvttss,cwd,cwde,dec,div,divsd,divss,emms,enter,fabs,fadd,faddp,fchs,fcom,fcomp,fcompp,fdecstp,fdiv,fdivr,fdivrp,fidiv,fidivr,fild,fimul,fist,fistp,fisttp,fisub,fisubr,fld,fldcw,fldenv,fldlg,fldln,fldpi,fldz,fmul,fmulp,fnclex,fnsave,fnstcw,fnstenv,fnstsw,frndint,frstor,fsave,fscale,fst,fstcw,fstp,fstsw,fsub,fsubp,fsubr,fucom,fucomip,fucomp,fucompp,fxam,fxch,fxtract,fyl,hlt,idiv,imul,in,inc,insb,insd,int,into,iretd,ja,jbe,jc,jg,jge,jl,jle,jmp,jmpf,jnc,jno,jnp,jns,jnz,jo,jp,js,jz,lahf,ldmxcsr,lds,lea,leave,lfence,lock,lodsb,lodsd,lodsw,loop,loopnz,loopz,mfence,minsd,mov,movapd,movaps,movd,movdqa,movdqu,movlhps,movlpd,movnti,movntps,movq,movsb,movsd,movss,movsw,movsx,movsxd,movups,movzx,mul,mulpd,mulsd,mulss,neg,nop,not,or,orpd,orps,out,outsb,outsd,paddb,paddd,paddq,palignr,pand,pandn,pause,pclmulhqlqdq,pcmpeqb,pcmpeqd,pcmpeqw,pcmpgtb,pcmpgtd,pcmpistri,pd,pextrw,pinsrb,pinsrd,pinsrw,pmaxsw,pmovmskb,pmuludq,pop,popfd,popfq,por,prefetchw,ps,pshufb,pshufd,pshufhw,pshuflw,pshufw,pslld,pslldq,psllq,psllw,psrld,psrldq,psrlq,psubd,psubq,punpcklbw,punpckldq,punpcklqdq,push,pushad,pushfd,pushfq,pxor,rcl,rcr,rdtsc,rep,repe,repne,ret,retf,rol,ror,sahf,sar,sbb,scasb,scasd,scasw,sd,seta,setbe,setc,setg,setge,setl,setle,setnc,setno,setnp,setns,setnz,seto,setp,sets,setz,sfence,shl,shld,shr,shrd,shufps,si,ss,stc,std,stmxcsr,stosb,stosd,stosq,stosw,sub,subpd,subsd,syscall,test,ucomisd,ucomiss,unpckhpd,unpcklpd,unpcklps,vaddsd,vcomisd,vcvtdq,vdivsd,vfmadd,vfmsub,vinsertf,vmovapd,vmovdqa,vmovdqu,vmovntdq,vmovq,vmovsd,vmulsd,vpaddd,vpaddq,vpalignr,vpand,vpcmpeqb,vpcmpeqw,vpmovmskb,vpor,vpshufb,vpslld,vpslldq,vpsllq,vpsrld,vpsrldq,vpsrlq,vpsubd,vpsubq,vpxor,vsubsd,vxorps,vzeroall,vzeroupper,wait,xadd,xchg,xgetbv,xlat,xm,xor,xorpd,xorps,xrstors,label,filename
0,44,0,0,0,0,0,0,1,0,0,0,0,0,0,0,1,1,0,0,0,0,0,0,0,0,0,0,0,0,0,0,0,0,0,0,0,0,0,0,0,0,1,0,0,0,0,0,0,0,0,0,0,0,0,0,0,0,0,0,0,0,0,0,0,0,0,0,0,0,0,0,0,0,0,0,0,0,0,0,0,0,0,0,0,0,0,0,0,0,0,0,0,0,0,0,0,0,0,0,0,0,0,0,0,0,0,0,0,0,0,0,0,0,0,0,0,0,0,0,0,0,0,1,2,0,2,0,1,0,0,0,0,0,0,0,1,1,0,0,1,0,0,0,1,0,0,1,1,0,1,1,0,0,0,0,0,0,0,0,0,0,0,16,0,0,0,0,0,0,0,0,0,0,0,0,0,0,0,0,0,0,0,0,0,0,0,0,0,1,0,0,0,0,1,0,0,0,0,0,0,0,0,0,0,0,0,0,0,0,0,0,0,0,0,0,0,4,0,0,0,0,0,0,0,0,0,0,0,0,0,0,0,0,0,0,0,0,0,0,6,1,0,0,0,0,0,0,0,0,0,2,0,0,1,0,0,0,0,0,0,0,0,0,0,0,0,0,0,0,0,0,0,0,0,0,0,0,0,0,0,0,0,0,0,0,1,0,0,1,1,0,0,2,0,0,0,1,0,0,0,0,0,0,0,0,0,0,0,0,0,0,0,0,0,0,0,0,0,0,0,0,0,0,0,0,0,0,0,0,0,0,0,0,0,0,0,0,0,0,1,0,0,0,0,4,0,0,0,admin338,G0018_admin338_PoisonIvy_9e4ea8ec8b01400bf65120de422df7a1bf3405eb9c526567302f5df9a0105b7e.opcode.opcode
1,6926,0,47,0,3458,3,1,0,7,16,33,175,0,50,119,20292,0,0,36,67,0,0,0,0,0,40,14,43,40,33,38,32,12,0,0,10,359,0,0,27,282,11995,0,0,0,0,8,44,4,39,18,0,2,0,30,0,29,0,0,0,490,68,10,1,0,0,0,0,0,0,0,0,0,0,0,0,0,0,0,0,0,0,0,0,0,0,0,0,0,0,0,0,0,0,0,0,0,0,0,0,0,0,0,0,0,0,0,0,0,0,0,0,0,0,0,0,0,0,0,0,53,533,0,2230,0,0,20,0,0,541,552,979,281,307,671,835,8118,0,725,2,0,191,7852,0,0,403,12727,0,2,0,19292,0,0,62,0,0,0,0,0,0,0,1,89702,18,153,28,106,181,0,0,0,8,27,1,272,2,0,486,1559,938,3382,64,0,82,2,386,76,91,1826,0,0,0,0,0,0,0,0,0,5,0,2,0,16,0,8,0,0,10,24,0,1,0,1,0,15,0,5559,0,0,13,1,0,0,5,0,5,0,0,0,0,0,0,10,4,2,2,1,0,0,5524,0,0,0,3,0,0,0,10,0,0,3042,0,7,54,0,198,334,0,0,0,46,14,11,15,13,8,5,0,10,0,0,23,159,0,0,0,223,1,1077,0,815,0,0,29,3,0,0,3,5,0,2,2,4563,0,25,0,14123,8,0,0,0,0,14,8,4,2,17,2,0,2,10,0,0,5,19,24,0,2,0,13,1,1,2,6,0,0,0,2,0,0,4,2,2,2,11,2,0,2,0,7,17,2,0,0,8147,2,104,0,APT1,G0006_APT1_Mimikatz_505d1cd0b9caf7efa10ed2076c0042ae04645aa1299baacc5033a7daef0220b8.opcode.opcode
0,0,0,0,0,0,0,0,0,0,0,0,0,0,0,0,0,0,0,0,0,0,0,0,0,0,0,0,0,0,0,0,0,0,0,0,0,0,0,0,0,0,0,0,0,0,0,0,0,0,0,0,0,0,0,0,0,0,0,0,0,0,0,0,0,0,0,0,0,0,0,0,0,0,0,0,0,0,0,0,0,0,0,0,0,0,0,0,0,0,0,0,0,0,0,0,0,0,0,0,0,0,0,0,0,0,0,0,0,0,0,0,0,0,0,0,0,0,0,0,0,0,0,0,0,0,0,0,0,0,0,0,0,0,0,0,0,1,0,0,0,0,0,0,0,0,0,0,0,0,0,0,0,0,0,0,0,0,0,0,0,0,0,0,0,0,0,0,0,0,0,0,0,0,0,0,0,0,0,0,0,0,0,0,0,0,0,0,0,0,0,0,0,0,0,0,0,0,0,0,0,0,0,0,0,0,0,0,0,0,0,0,0,0,0,0,0,0,0,0,0,0,0,0,0,0,0,0,0,0,0,0,0,0,0,0,0,0,0,0,0,0,0,0,0,0,0,0,0,0,0,0,0,0,0,0,0,0,0,0,0,0,0,0,0,0,0,0,0,0,0,0,0,0,0,0,0,0,0,0,0,0,0,0,0,0,0,0,0,0,0,0,0,0,0,0,0,0,0,0,0,0,0,0,0,0,0,0,0,0,0,0,0,0,0,0,0,0,0,0,0,0,0,0,0,0,0,0,0,0,0,0,0,0,0,0,0,0,0,0,0,0,0,0,0,0,0,0,0,APT16,G0023_APT16_ElmersGlue_1d0a504640359052ff55565586b73af6b32d4f2197092711f98d5339d51d3629.opcode.opcode
0,1,0,0,0,0,0,0,0,0,0,0,0,0,0,0,1,0,0,0,0,0,0,0,0,0,0,0,0,0,0,0,0,0,0,0,0,0,0,0,0,0,1,0,0,0,0,0,0,0,0,0,0,0,0,0,0,0,0,0,0,0,0,0,0,0,0,0,0,0,0,0,0,0,0,0,0,0,0,0,0,0,0,0,0,0,0,0,0,0,0,0,0,0,0,0,0,0,0,0,0,0,0,0,0,0,0,0,0,0,0,0,0,0,0,0,0,0,0,0,0,0,0,0,2,0,0,0,0,0,0,0,0,0,0,0,0,3,0,0,0,0,0,1,0,0,0,0,0,0,0,0,0,0,0,0,0,0,0,0,0,0,0,0,0,0,0,0,0,0,0,0,0,0,0,0,0,0,0,0,0,0,0,0,0,0,0,0,0,0,0,0,0,0,0,0,0,0,0,0,0,0,0,0,0,0,0,0,0,0,0,0,0,0,0,0,0,1,0,0,0,0,0,0,0,0,0,0,0,0,0,0,0,0,0,0,0,0,0,0,1,0,0,0,0,0,0,0,0,0,0,0,0,0,0,0,0,0,0,0,0,0,0,0,0,0,0,0,0,0,0,0,0,0,0,0,0,0,0,0,0,0,0,0,0,0,0,0,0,0,0,0,0,1,0,0,0,0,0,0,0,0,0,0,0,0,0,0,0,0,0,0,0,0,0,0,0,0,0,0,0,0,0,0,0,0,0,0,0,0,0,0,0,0,0,0,0,0,0,0,0,0,0,0,0,2,0,0,0,APT17,G0025_APT17_9002RAT_de19e0163af15585c305f845b90262aee3c2bdf037f9fc733d3f1b379d00edd0.opcode.opcode
0,0,0,0,0,0,0,0,0,0,0,0,0,0,0,0,0,0,0,0,0,0,0,0,0,0,0,0,0,0,0,0,0,0,0,0,0,0,0,0,0,0,0,0,0,0,0,0,0,0,0,0,0,0,0,0,0,0,0,0,0,0,0,0,0,0,0,0,0,0,0,0,0,0,0,0,0,0,0,0,0,0,0,0,0,0,0,0,0,0,0,0,0,0,0,0,0,0,0,0,0,0,0,0,0,0,0,0,0,0,0,0,0,0,0,0,0,0,0,0,0,0,0,0,0,0,0,0,0,0,0,0,0,0,0,0,0,1,0,0,0,0,0,0,0,0,0,0,0,0,0,0,0,0,0,0,0,0,0,0,0,0,0,0,0,0,0,0,0,0,0,0,0,0,0,0,0,0,0,0,0,0,0,0,0,0,0,0,0,0,0,0,0,0,0,0,0,0,0,0,0,0,0,0,0,0,0,0,0,0,0,0,0,0,0,0,0,0,0,0,0,0,0,0,0,0,0,0,0,0,0,0,0,0,0,0,0,0,0,0,0,0,0,0,0,0,0,0,0,0,0,0,0,0,0,0,0,0,0,0,0,0,0,0,0,0,0,0,0,0,0,0,0,0,0,0,0,0,0,0,0,0,0,0,0,0,0,0,0,0,0,0,0,0,0,0,0,0,0,0,0,0,0,0,0,0,0,0,0,0,0,0,0,0,0,0,0,0,0,0,0,0,0,0,0,0,0,0,0,0,0,0,0,0,0,0,0,0,0,0,0,0,0,0,0,0,0,0,0,APT19,G0073_APT19_Empire_afc6c2721f8bdeb08b36857434d5106270d48b8e4b9c048b2c62954d15a59743.opcode.opcode
0,13,0,0,0,3,0,0,0,0,0,0,0,0,0,0,0,0,0,0,0,0,0,0,0,0,0,0,0,0,0,0,0,0,0,0,0,0,0,0,0,0,0,0,0,0,0,0,0,0,0,0,0,0,0,0,0,0,0,0,0,0,0,0,0,0,0,0,0,0,0,0,0,0,0,0,0,0,0,0,0,0,0,0,0,0,0,0,0,0,0,0,0,0,0,0,0,0,0,0,0,0,0,0,0,0,0,0,0,0,0,0,0,0,0,0,0,0,0,0,0,0,0,0,0,0,0,0,0,0,0,0,0,0,2,0,0,1,0,0,0,0,0,0,0,0,0,0,0,0,0,0,0,0,0,0,0,0,0,0,0,0,0,0,0,0,0,0,0,0,0,0,0,0,0,0,0,0,0,0,0,0,0,0,0,0,0,0,0,3,0,0,0,0,0,0,0,0,0,0,0,0,0,0,0,0,0,0,0,0,0,0,0,0,0,0,0,0,0,0,0,0,0,0,0,0,0,0,0,0,0,0,0,0,0,0,0,0,0,0,1,0,0,0,0,0,0,0,0,0,0,0,0,1,0,0,0,0,0,0,0,0,0,0,0,0,0,0,0,0,0,0,0,0,0,0,0,0,0,0,0,0,0,0,0,0,0,0,0,0,0,0,0,2,0,0,0,0,0,0,0,0,0,0,0,0,0,0,0,0,0,0,0,0,0,0,0,0,0,0,0,0,0,0,0,0,0,0,0,0,0,0,0,0,0,0,0,0,0,0,0,0,0,0,0,0,0,0,0,APT27,G0027_APT27_DarkTortilla_ad755061eb3d0b36beef54bc683afe0303fd44e4ce1ed6b198cc367c5b83594a.opcode.opcode
960,13629,0,15,56,3325,0,0,0,5,2,36,0,0,0,0,33780,0,0,26,0,0,8,0,0,0,0,0,0,0,0,0,0,0,0,0,0,0,0,0,0,0,18767,0,0,0,0,5,0,3,0,0,0,0,4,6,14,3,0,0,0,342,49,23,0,2,0,0,0,1,0,0,0,0,0,0,0,0,0,0,1,0,0,2,0,0,0,3,4,0,0,0,0,0,1,0,0,1,1,0,1,0,1,0,0,0,0,3,0,0,0,0,0,0,0,0,1,0,1,0,0,26,1382,0,1318,0,0,4,0,0,2366,4333,832,597,1551,1057,891,19154,0,1945,1,13,0,10682,4,9,0,7575,0,0,0,26169,0,1,9,0,0,0,0,0,0,1,0,225712,0,0,9,5,101,0,0,0,0,5,28,362,32,0,28,0,16,7554,701,0,33,0,1109,2194,199,2095,0,0,0,0,0,0,0,0,0,4,0,1,0,5,0,0,0,0,0,0,0,0,2,1,0,2,0,25,3,0,0,0,0,1,0,1,0,0,0,0,0,0,0,0,0,0,0,0,0,0,24,0,4,0,18,0,3,1,52,0,2,7545,0,308,576,1,1816,526,2,0,0,20,194,38,128,121,11,126,3,80,0,5,0,327,1,0,0,745,0,2450,2,2248,2,0,3,4,0,1,0,0,134,0,0,5587,0,9,0,15370,41,5,0,0,0,0,0,0,0,0,0,0,0,0,0,0,0,0,0,0,0,0,0,0,0,0,0,0,0,0,0,0,0,0,0,0,0,0,0,0,0,0,2,6087,1,0,0,7042,0,39,0,APT28,G0007_APT28_Zebrocy_f36a0ee7f4ec23765bb28fbfa734e402042278864e246a54b8c4db6f58275662.opcode.opcode
14034,17811,0,0,0,9641,0,0,0,6,10,8996,4564,4689,4534,4567,14159,0,2404,1942,2312,41,17,7,1,39,76,71,205,43,45,63,50,212,42,81,93,85,58,78,95,94,800,0,0,2,5,0,0,68,2344,0,0,0,0,0,0,0,0,1627,2360,13412,90,0,0,0,2,0,0,1,0,3,2,0,1,1,1,0,3,1,2,1,1,0,2,0,1,1,0,2,0,0,0,0,0,1,0,0,0,0,0,0,2,0,0,0,0,1,0,0,0,0,1,0,0,0,0,0,0,0,4,3,17,14,12930,4,6,5,0,1,757,870,1578,477,597,462,500,13411,7,2463,792,677,1015,1851,214,973,698,756,14,0,0,45769,4,0,0,2,2,0,3,5,3,0,0,89674,0,0,0,0,0,0,0,0,0,0,12,3,0,0,13728,10188,0,17426,157,0,0,0,16023,18,18865,10036,0,0,16,6,2,0,0,0,0,0,0,0,0,0,0,0,0,0,0,0,0,0,0,0,0,0,0,22858,0,205,0,0,0,0,0,0,0,0,0,0,0,1,0,0,0,0,0,0,0,0,18196,0,0,1244,0,11,16,94,11,0,3,4515,4,15427,15372,1,8383,6915,13,3,3,0,215,254,629,167,164,169,183,593,183,268,269,269,193,286,242,260,0,17727,218,9046,228,0,0,0,37,3,0,4,4,0,1,12041,0,0,7,322,0,0,0,0,0,0,0,0,0,0,0,0,0,0,0,0,0,0,0,0,0,0,0,0,0,0,0,0,0,0,0,0,0,0,0,0,0,0,0,0,0,6,6094,7381,0,9,0,43610,0,0,1,APT29,G0016_APT29_Cobaltstrike_exe_b640c53e2c02f08aa8ca3db62c628abcaa1694ffec33a59d69d88f5e2d1552.opcode.opcode
0,0,0,0,0,0,0,0,0,0,0,0,0,0,0,0,0,0,0,0,0,0,0,0,0,0,0,0,0,0,0,0,0,0,0,0,0,0,0,0,0,0,0,0,0,0,0,0,0,0,0,0,0,0,0,0,0,0,0,0,0,0,0,0,0,0,0,0,0,0,0,0,0,0,0,0,0,0,0,0,0,0,0,0,0,0,0,0,0,0,0,0,0,0,0,0,0,0,0,0,0,0,0,0,0,0,0,0,0,0,0,0,0,0,0,0,0,0,0,0,0,0,0,0,0,0,0,0,0,0,0,0,0,0,0,0,0,1,0,0,0,0,0,0,0,0,0,0,0,0,0,0,0,0,0,0,0,0,0,0,0,0,0,0,0,0,0,0,0,0,0,0,0,0,0,0,0,0,0,0,0,0,0,0,0,0,0,0,0,0,0,0,0,0,0,0,0,0,0,0,0,0,0,0,0,0,0,0,0,0,0,0,0,0,0,0,0,0,0,0,0,0,0,0,0,0,0,0,0,0,0,0,0,0,0,0,0,0,0,0,0,0,0,0,0,0,0,0,0,0,0,0,0,0,0,0,0,0,0,0,0,0,0,0,0,0,0,0,0,0,0,0,0,0,0,0,0,0,0,0,0,0,0,0,0,0,0,0,0,0,0,0,0,0,0,0,0,0,0,0,0,0,0,0,0,0,0,0,0,0,0,0,0,0,0,0,0,0,0,0,0,0,0,0,0,0,0,0,0,0,0,0,0,0,0,0,0,0,0,0,0,0,0,0,0,0,0,0,0,APT3,G0022_APT3_schtasks_QuasarRAT_a2d00c8dfb111caa16f4ec033dd942d0f22c6b76495bd10b22b1977fdfa1f605.opcode.opcode
0,0,0,0,0,0,0,0,0,0,0,0,0,0,0,0,0,0,0,0,0,0,0,0,0,0,0,0,0,0,0,0,0,0,0,0,0,0,0,0,0,0,0,0,0,0,0,0,0,0,0,0,0,0,0,0,0,0,0,0,0,0,0,0,0,0,0,0,0,0,0,0,0,0,0,0,0,0,0,0,0,0,0,0,0,0,0,0,0,0,0,0,0,0,0,0,0,0,0,0,0,0,0,0,0,0,0,0,0,0,0,0,0,0,0,0,0,0,0,0,0,0,0,0,0,0,0,0,0,0,0,0,0,0,0,0,0,1,0,0,0,0,0,0,0,0,0,0,0,0,0,0,0,0,0,0,0,0,0,0,0,0,0,0,0,0,0,0,0,0,0,0,0,0,0,0,0,0,0,0,0,0,0,0,0,0,0,0,0,0,0,0,0,0,0,0,0,0,0,0,0,0,0,0,0,0,0,0,0,0,0,0,0,0,0,0,0,0,0,0,0,0,0,0,0,0,0,0,0,0,0,0,0,0,0,0,0,0,0,0,0,0,0,0,0,0,0,0,0,0,0,0,0,0,0,0,0,0,0,0,0,0,0,0,0,0,0,0,0,0,0,0,0,0,0,0,0,0,0,0,0,0,0,0,0,0,0,0,0,0,0,0,0,0,0,0,0,0,0,0,0,0,0,0,0,0,0,0,0,0,0,0,0,0,0,0,0,0,0,0,0,0,0,0,0,0,0,0,0,0,0,0,0,0,0,0,0,0,0,0,0,0,0,0,0,0,0,0,0,APT33,G0064_APT33_Empire_exe_afc6c2721f8bdeb08b36857434d5106270d48b8e4b9c048b2c62954d15a59743.opcode.opcode
0,0,0,0,0,0,0,0,0,0,0,0,0,0,0,0,0,0,0,0,0,0,0,0,0,0,0,0,0,0,0,0,0,0,0,0,0,0,0,0,0,0,0,0,0,0,0,0,0,0,0,0,0,0,0,0,0,0,0,0,0,0,0,0,0,0,0,0,0,0,0,0,0,0,0,0,0,0,0,0,0,0,0,0,0,0,0,0,0,0,0,0,0,0,0,0,0,0,0,0,0,0,0,0,0,0,0,0,0,0,0,0,0,0,0,0,0,0,0,0,0,0,0,0,0,0,0,0,0,0,0,0,0,0,0,0,0,1,0,0,0,0,0,0,0,0,0,0,0,0,0,0,0,0,0,0,0,0,0,0,0,0,0,0,0,0,0,0,0,0,0,0,0,0,0,0,0,0,0,0,0,0,0,0,0,0,0,0,0,0,0,0,0,0,0,0,0,0,0,0,0,0,0,0,0,0,0,0,0,0,0,0,0,0,0,0,0,0,0,0,0,0,0,0,0,0,0,0,0,0,0,0,0,0,0,0,0,0,0,0,0,0,0,0,0,0,0,0,0,0,0,0,0,0,0,0,0,0,0,0,0,0,0,0,0,0,0,0,0,0,0,0,0,0,0,0,0,0,0,0,0,0,0,0,0,0,0,0,0,0,0,0,0,0,0,0,0,0,0,0,0,0,0,0,0,0,0,0,0,0,0,0,0,0,0,0,0,0,0,0,0,0,0,0,0,0,0,0,0,0,0,0,0,0,0,0,0,0,0,0,0,0,0,0,0,0,0,0,0,APT39,G0087_APT39_Mimikatz_exe_27147eb56a4cda7125349c3e2973185ed389b28548a8dc5dde404bb84adebd68.opcode.opcode
0,165,0,0,0,44,0,0,0,0,0,0,0,0,0,1,496,0,0,0,2,0,0,0,0,0,3,1,2,0,0,1,0,0,0,0,0,1,0,0,0,3,245,0,0,0,0,0,0,0,0,0,0,0,0,0,0,0,0,0,0,49,3,0,0,0,0,0,0,0,0,0,0,0,0,0,0,0,0,0,0,0,0,0,0,0,0,0,0,0,0,0,0,0,0,0,0,0,0,0,0,0,0,0,0,0,0,0,0,0,0,0,0,0,0,0,0,0,0,0,0,0,3,0,69,0,0,10,0,0,17,6,31,1,4,5,7,133,0,15,0,0,1,186,0,0,3,293,0,0,0,224,0,0,27,0,0,0,0,0,0,0,0,1402,0,0,0,0,1,0,0,24,0,0,0,0,0,0,1,21,1,24,0,0,0,0,7,23,2,33,0,0,0,0,0,0,0,0,0,0,0,0,0,0,0,0,0,0,0,0,0,0,0,0,0,0,0,92,0,0,0,0,0,0,0,0,0,0,0,0,0,0,0,0,0,0,0,0,0,0,94,0,0,0,0,0,0,0,2,0,0,103,0,1,1,0,5,4,0,0,0,0,0,0,0,0,0,0,0,0,0,0,0,0,0,0,0,3,0,1,0,11,0,0,0,0,0,0,0,0,0,0,2,128,0,0,0,280,0,0,0,0,0,0,0,0,0,0,0,0,0,0,0,0,0,0,0,0,0,0,0,0,0,0,0,0,0,0,0,0,0,0,0,0,0,0,0,0,0,0,0,0,0,0,0,160,0,0,0,APT41,G0096_APT41_ShadowPad_8b557df773156a87f2fe6bf7bb1b10a690e650c08abb924181165ce82d3fc4af.opcode.opcode
0,72,0,0,0,57,0,0,0,0,0,0,0,0,0,0,352,0,0,0,1,0,0,0,0,0,0,0,1,0,0,0,0,0,0,0,0,0,0,0,2,0,100,0,0,0,0,0,0,0,0,0,0,0,0,0,0,0,0,0,0,20,0,0,0,0,0,0,0,0,0,0,0,0,0,0,0,0,0,0,0,0,0,0,0,0,0,0,0,0,0,0,0,0,0,0,0,0,0,0,0,0,0,0,0,0,0,0,0,0,0,0,0,0,0,0,0,0,0,0,0,0,2,0,30,0,0,1,0,0,4,2,11,0,3,2,2,66,0,11,0,0,20,72,0,0,67,104,0,0,0,455,0,0,3,0,0,0,0,0,0,0,0,1070,0,30,0,0,72,0,0,24,0,0,0,0,0,0,5,8,156,37,0,0,0,0,3,6,1,19,0,0,0,0,0,0,0,0,0,0,0,0,0,0,0,0,0,0,0,0,0,0,0,0,0,0,0,65,0,0,0,0,0,0,0,0,0,0,0,0,0,0,0,0,0,0,0,0,0,0,64,0,0,0,0,0,0,1,0,0,0,40,0,1,1,0,1,2,0,0,0,0,0,0,0,0,0,0,0,0,0,0,0,0,0,0,0,0,0,7,0,18,0,0,0,0,0,0,0,0,0,0,0,66,0,0,0,175,0,0,0,0,0,0,0,0,0,0,0,0,0,0,0,0,0,0,0,0,0,0,0,0,0,0,0,0,0,0,0,0,0,0,0,0,0,0,0,0,0,0,0,2,0,0,0,191,0,6,0,Axiom,G0001_Axiom_Derusbi_e5fdb754c1a7c36c288c46765c9258bb2c7f38fa2a99188a623182f877da378.opcode.opcode
0,95,0,0,0,33,0,0,0,0,0,0,2,0,0,0,231,0,0,0,0,0,0,0,0,0,2,1,0,0,0,0,0,1,0,0,0,2,0,0,0,6,130,0,0,0,0,0,0,0,0,0,0,0,0,0,0,0,0,0,0,2,2,0,0,0,0,0,0,0,0,0,0,0,0,0,0,0,0,0,0,0,0,0,0,0,0,0,0,0,0,0,0,0,0,0,0,0,0,0,0,0,0,0,0,0,0,0,0,0,0,0,0,0,0,0,0,0,0,0,0,0,7,0,11,0,0,11,0,0,11,7,6,0,0,1,0,64,0,7,0,0,0,76,0,0,0,146,0,0,0,163,0,0,18,0,0,0,0,0,0,0,0,735,0,0,0,8,3,0,0,0,0,1,0,0,0,0,0,3,1,4,0,0,0,0,2,26,0,10,0,0,0,0,0,0,0,0,0,0,0,0,0,0,0,0,0,0,0,0,0,0,0,0,0,0,0,63,0,0,0,0,0,0,0,0,0,0,0,0,0,0,0,0,0,0,0,0,0,1,63,0,0,0,0,0,0,0,2,0,0,66,0,1,18,0,1,1,0,0,0,0,0,0,0,0,0,0,0,0,0,0,0,2,0,0,0,1,0,3,0,7,0,0,0,0,0,0,0,1,0,1,0,95,0,0,0,116,0,0,0,0,0,0,0,0,0,0,0,1,0,8,0,8,0,0,0,0,0,0,0,0,0,0,0,0,0,0,0,0,0,0,0,0,0,0,0,0,0,0,2,4,0,0,0,85,0,0,0,BlueMockingBird,G0108_BlueMockingBird_FRP_exe_e32a931de8c88f256f87edcd9a051fa9553d5d6156725718c24a813db2f2b330.opcode.opcode
0,116,0,0,0,1,0,0,0,0,0,0,0,0,0,0,17,0,0,0,0,0,0,0,0,0,0,0,0,0,0,0,0,0,0,0,0,0,0,0,0,0,12,0,0,0,0,0,0,0,0,0,0,0,0,0,0,0,0,0,0,2,2,0,0,0,0,0,0,0,0,0,0,0,0,0,0,0,0,0,0,0,0,0,0,0,0,0,0,0,0,0,0,0,0,0,0,0,0,0,0,0,0,0,0,0,0,0,0,0,0,0,0,0,0,0,0,0,0,0,0,0,1,0,2,0,0,0,0,0,2,2,1,0,0,0,0,9,0,4,0,0,0,4,0,0,0,1,0,0,0,18,0,0,0,0,0,0,0,0,0,0,0,216,0,0,0,0,0,0,0,0,0,0,2,0,0,0,0,0,0,2,0,0,0,0,0,7,0,1,0,0,0,0,0,0,0,0,0,0,0,0,0,0,0,0,0,0,0,0,0,0,0,0,0,0,0,4,0,0,0,0,0,0,0,0,0,0,0,0,0,0,0,0,0,0,0,0,0,0,4,0,0,0,0,0,0,0,4,0,0,9,0,0,0,0,0,0,0,0,0,0,0,0,0,0,0,0,0,0,0,0,0,0,0,0,0,0,0,0,0,0,0,0,0,0,0,0,0,2,0,0,0,9,0,0,0,2,0,0,0,0,0,0,0,0,0,0,0,0,0,0,0,0,0,0,0,0,0,0,0,0,0,0,0,0,0,0,0,0,0,0,0,0,0,0,0,0,0,0,0,0,0,0,0,10,0,0,0,BRONZE_BUTLER,G0060_BRONZE_BUTLER_Scavenger_df10af3cf31ae5c0aeb93ab76ca9eac4189a35bb9869ac2cf5f120f1ca953733.opcode.opcode
0,0,0,0,0,0,0,0,0,0,0,0,0,0,0,0,0,0,0,0,0,0,0,0,0,0,0,0,0,0,0,0,0,0,0,0,0,0,0,0,0,0,0,0,0,0,0,0,0,0,0,0,0,0,0,0,0,0,0,0,0,0,0,0,0,0,0,0,0,0,0,0,0,0,0,0,0,0,0,0,0,0,0,0,0,0,0,0,0,0,0,0,0,0,0,0,0,0,0,0,0,0,0,0,0,0,0,0,0,0,0,0,0,0,0,0,0,0,0,0,0,0,0,0,0,0,0,0,0,0,0,0,0,0,0,0,0,1,0,0,0,0,0,0,0,0,0,0,0,0,0,1,0,0,0,0,0,0,0,0,0,0,0,0,0,0,0,0,0,0,0,0,0,0,0,0,0,0,0,0,0,0,0,0,0,0,0,0,0,0,0,0,0,0,0,0,0,0,0,0,0,0,0,0,0,0,0,0,0,0,0,0,0,0,0,0,0,0,0,0,0,0,0,0,0,0,0,0,0,0,0,0,0,0,0,0,0,0,0,0,0,0,0,0,0,0,0,0,0,0,0,1,0,0,0,0,0,0,0,0,0,0,0,0,0,0,0,0,0,0,0,0,0,0,0,0,0,0,0,0,0,0,0,0,0,0,0,0,0,0,0,0,0,0,0,0,0,0,0,0,0,0,0,0,0,0,0,0,0,0,0,0,0,0,0,0,0,0,0,0,0,0,0,0,0,0,0,0,0,0,0,0,0,0,0,0,0,0,0,0,0,0,0,0,0,0,0,0,0,Chimera,G0114_Chimera_CobaltStrike_a30a5b326aed3931627b737eba7fad9dc945d6c9df600219264a7c795c152b0d.opcode.opcode
0,0,0,0,0,0,0,0,0,0,0,0,0,0,0,0,0,0,0,0,0,0,0,0,0,0,0,0,0,0,0,0,0,0,0,0,0,0,0,0,0,0,0,0,0,0,0,0,0,0,0,0,0,0,0,0,0,0,0,0,0,0,0,0,0,0,0,0,0,0,0,0,0,0,0,0,0,0,0,0,0,0,0,0,0,0,0,0,0,0,0,0,0,0,0,0,0,0,0,0,0,0,0,0,0,0,0,0,0,0,0,0,0,0,0,0,0,0,0,0,0,0,0,0,0,0,0,0,0,0,0,0,0,0,0,1,0,0,0,0,0,0,0,0,0,0,0,0,0,0,0,0,0,0,0,0,0,0,0,0,0,0,0,0,0,0,0,0,0,0,0,0,0,0,0,0,0,0,0,0,0,0,0,0,0,0,0,0,0,0,0,0,0,0,0,0,0,0,0,0,0,0,0,0,0,0,0,0,0,0,0,0,0,0,0,0,0,0,0,0,0,0,0,0,0,0,0,0,0,0,0,0,0,0,0,0,0,0,0,0,0,0,0,0,0,0,0,0,0,0,0,1,0,0,0,0,0,0,0,0,0,0,0,0,0,0,0,0,0,0,0,0,0,0,0,0,0,0,0,0,0,0,0,0,0,0,0,0,0,0,0,0,0,0,0,0,0,0,0,0,0,0,0,0,0,0,0,0,0,0,0,0,0,0,0,0,0,0,0,0,0,0,0,0,0,0,0,0,0,0,0,0,0,0,0,0,0,0,0,0,0,0,0,0,0,0,0,0,0,Cobalt Group,G0080_Cobalt Group_Cobaltstrike_exe_b640c53e2c02f08aa8ca3db62c628abcaa1694ffec33a59d69d88f5e2d1552aa.opcode.opcode
0,164,0,0,0,123,0,0,0,0,0,0,0,0,0,0,280,0,0,3,0,0,2,0,0,0,0,0,0,0,0,0,0,0,0,0,0,0,0,0,0,0,307,0,0,0,0,0,0,0,0,0,0,0,0,0,0,0,0,0,0,44,0,0,0,0,0,0,0,0,0,0,0,0,0,0,0,0,0,0,0,0,0,0,0,0,0,0,0,0,0,0,0,0,0,0,0,0,0,0,0,0,0,0,0,0,0,0,0,0,0,0,0,0,0,0,0,0,0,0,0,3,26,0,66,0,0,0,0,0,14,18,26,9,10,17,16,151,0,17,0,0,1,197,0,0,1,212,0,0,0,196,16,0,0,0,0,0,0,0,0,0,0,987,0,0,0,0,0,0,0,0,0,0,8,16,0,0,5,0,0,38,0,0,0,0,10,0,22,72,0,0,0,0,0,0,0,0,0,0,0,0,0,0,0,0,0,0,0,0,0,0,0,0,0,0,0,319,0,0,0,0,0,0,0,0,0,0,0,0,0,0,0,0,0,0,0,0,0,0,776,0,0,0,0,0,0,0,26,0,9,115,0,0,0,0,28,4,9,0,0,0,0,0,0,0,1,1,0,0,0,0,0,0,0,0,0,1,0,18,0,49,0,0,0,0,0,2,0,0,6,0,0,64,0,0,0,183,0,0,0,0,0,0,0,0,0,0,0,0,0,0,0,0,0,0,0,0,0,0,0,0,0,0,0,0,0,0,0,0,0,0,0,0,0,0,0,0,0,0,0,0,0,0,0,84,0,0,0,DarkVishnya,G0105_DarkVishnya_PsExec_exe_f4fb461a181cc870032eb07df82a813f5fc1006b712e4a6b6ec2b90f9ec36963.opcode.opcode
0,296,0,0,0,151,0,0,0,0,0,0,4,0,0,0,754,0,0,0,2,0,0,0,0,0,0,1,1,0,0,0,0,0,0,0,0,8,0,0,2,8,368,0,0,0,0,0,0,0,0,0,0,0,0,0,0,0,0,0,0,49,6,0,0,0,0,0,0,0,0,0,0,0,0,0,0,0,0,0,0,0,0,0,0,0,0,0,0,0,0,0,0,0,0,0,0,0,0,0,0,0,0,0,0,0,0,0,0,0,0,0,0,0,0,0,0,0,0,0,0,0,14,0,58,0,0,12,0,0,17,11,51,2,3,4,6,244,0,34,0,0,26,241,0,0,75,306,0,0,0,698,0,0,11,0,0,0,0,0,0,0,0,3259,0,34,0,0,72,0,0,24,0,0,0,2,0,0,6,34,218,193,6,0,0,0,10,9,9,92,0,0,0,0,0,0,0,0,0,0,0,0,0,0,0,0,0,0,0,0,0,0,0,0,0,0,0,203,0,0,0,0,0,0,0,0,0,0,0,0,0,0,0,0,0,0,0,0,0,0,201,0,0,0,0,0,0,1,0,0,0,111,0,1,2,0,1,4,0,0,0,0,0,0,0,0,0,0,0,0,0,0,0,0,0,0,0,2,0,102,0,77,0,0,0,0,0,0,0,0,0,0,0,225,0,0,0,358,0,0,0,0,0,0,0,0,0,0,0,0,0,0,0,0,0,0,0,0,0,0,0,0,0,0,0,0,0,0,0,0,0,0,0,0,0,0,0,0,0,0,7,3,0,0,0,430,0,6,0,DeepPanda,G0009_DeepPanda_Derusbi_e5fdb754c1a7c36c288c46765c9258bb2c7f38fa2a99188a623182f877da3783.opcode.opcode
12,110,0,0,0,17,0,0,0,0,0,0,0,0,0,0,280,0,0,2,0,0,0,0,0,0,0,0,0,0,0,0,0,0,0,0,0,0,0,0,0,0,186,0,0,1,0,0,0,0,0,0,0,0,0,0,0,0,0,0,0,24,1,0,0,0,0,0,0,0,0,0,0,0,0,0,0,0,0,0,0,0,0,0,0,0,0,0,0,0,0,0,0,0,0,0,0,0,0,0,0,0,0,0,0,0,0,0,0,0,0,0,0,0,0,0,0,0,0,0,0,0,3,0,26,0,0,0,0,0,18,15,32,3,1,6,0,89,0,6,0,0,0,64,0,0,0,178,0,0,0,164,26,0,0,0,0,0,0,0,0,0,0,816,0,0,0,0,0,0,0,0,0,0,0,2,0,0,1,0,0,19,0,0,0,0,1,0,3,2,0,0,0,0,0,0,0,0,0,0,0,0,0,0,0,0,0,0,0,0,0,0,0,0,0,0,0,214,0,0,0,0,0,0,0,0,0,0,0,0,0,0,0,0,0,0,0,0,0,0,622,0,1,0,0,0,0,0,2,1,0,91,0,0,0,0,0,6,0,0,0,0,0,0,0,0,1,0,0,0,0,0,0,2,0,0,0,5,0,2,0,3,0,0,0,0,0,0,0,0,0,0,0,41,0,0,0,95,0,0,0,0,0,0,0,0,0,0,0,0,0,0,0,0,0,0,0,0,0,0,0,0,0,0,0,0,0,0,0,0,0,0,0,0,0,0,0,0,0,0,0,0,0,0,0,98,0,0,0,Dragonfly,G0035_Dragonfly_mimikatz_exe_20c99f99eb100eda6fa5422ff946b3ebccd8d897283eba9b5ab355b98029ac8e.opcode.opcode
0,4,0,0,0,0,0,0,0,0,0,0,0,0,0,0,7,0,0,0,0,0,0,0,0,0,0,0,0,0,0,0,0,0,0,0,0,0,0,0,0,0,0,0,0,0,0,0,0,0,0,0,0,0,0,0,0,0,0,0,0,0,0,0,0,0,0,0,0,0,0,0,0,0,0,0,0,0,0,0,0,0,0,0,0,0,0,0,0,0,0,0,0,0,0,0,0,0,0,0,0,0,0,0,0,0,0,0,0,0,0,0,0,0,0,0,0,0,0,0,0,0,0,0,0,0,0,0,0,0,0,0,0,0,0,0,0,3,0,0,0,0,0,1,0,0,0,4,0,0,0,3,1,0,0,0,0,0,0,0,0,0,0,10,0,0,0,0,0,0,0,0,0,0,0,0,0,0,0,0,0,0,0,0,0,0,0,0,0,0,0,0,0,0,0,0,0,0,0,0,0,0,0,0,0,0,0,0,0,0,0,0,0,0,0,0,0,2,0,0,0,0,0,0,0,0,0,0,0,0,0,0,0,0,0,0,0,0,0,0,22,0,0,0,0,0,0,0,0,0,0,2,0,0,0,0,0,0,0,0,0,0,0,0,0,0,0,0,0,0,0,0,0,0,0,0,0,0,0,0,0,0,0,0,0,0,0,0,0,0,0,0,0,0,0,0,0,5,0,0,0,0,0,0,0,0,0,0,0,0,0,0,0,0,0,0,0,0,0,0,0,0,0,0,0,0,0,0,0,0,0,0,0,0,0,0,0,0,0,0,0,0,0,0,0,2,0,0,0,Dragonfly2,G0074_Dragonfly2_mimikatz_exe_20c99f99eb100eda6fa5422ff946b3ebccd8d897283eba9b5ab355b98029ac8e.opcode.opcode
0,1,0,0,0,0,0,0,0,0,0,0,0,0,0,0,1,0,0,0,0,0,0,0,0,0,0,0,0,0,0,0,0,0,0,0,0,0,0,0,0,0,0,0,0,0,0,0,0,0,0,0,0,0,0,0,0,0,0,0,0,0,0,0,0,0,0,0,0,0,0,0,0,0,0,0,0,0,0,0,0,0,0,0,0,0,0,0,0,0,0,0,0,0,0,0,0,0,0,0,0,0,0,0,0,0,0,0,0,0,0,0,0,0,0,0,0,0,0,0,0,0,0,0,0,0,0,0,0,0,0,0,0,0,0,0,0,1,0,0,0,0,0,0,0,0,0,0,0,0,0,1,0,0,0,0,0,0,0,0,0,0,0,2,0,0,0,0,0,0,0,0,0,0,0,0,0,0,0,0,0,0,0,0,0,0,0,0,0,0,0,0,0,0,0,0,0,0,0,0,0,0,0,0,0,0,0,0,0,0,0,0,0,0,0,0,0,1,0,0,0,0,0,0,0,0,0,0,0,0,0,0,0,0,0,0,0,0,0,0,1,0,0,0,0,0,0,0,0,0,0,1,0,0,0,0,0,0,0,0,0,0,0,0,0,0,0,0,0,0,0,0,0,0,0,0,0,0,0,0,0,0,0,0,0,0,0,0,0,0,0,0,0,1,0,0,0,0,0,0,0,0,0,0,0,0,0,0,0,0,0,0,0,0,0,0,0,0,0,0,0,0,0,0,0,0,0,0,0,0,0,0,0,0,0,0,0,0,0,0,0,0,0,0,0,0,0,0,0,Elderwood,G0066_Elderwood_Linfo_e5be65ef96318412b06651fda0aae05f1749ddd3a2187c4497dd4ffb2acb40dd.opcode.opcode
0,0,0,0,0,0,0,0,0,0,0,0,0,0,0,0,0,0,0,0,0,0,0,0,0,0,0,0,0,0,0,0,0,0,0,0,0,0,0,0,0,0,0,0,0,0,0,0,0,0,0,0,0,0,0,0,0,0,0,0,0,0,0,0,0,0,0,0,0,0,0,0,0,0,0,0,0,0,0,0,0,0,0,0,0,0,0,0,0,0,0,0,0,0,0,0,0,0,0,0,0,0,0,0,0,0,0,0,0,0,0,0,0,0,0,0,0,0,0,0,0,0,0,0,0,0,0,0,0,0,0,0,0,0,0,0,0,1,0,0,0,0,0,0,0,0,0,0,0,0,0,0,0,0,0,0,0,0,0,0,0,0,0,0,0,0,0,0,0,0,0,0,0,0,0,0,0,0,0,0,0,0,0,0,0,0,0,0,0,0,0,0,0,0,0,0,0,0,0,0,0,0,0,0,0,0,0,0,0,0,0,0,0,0,0,0,0,0,0,0,0,0,0,0,0,0,0,0,0,0,0,0,0,0,0,0,0,0,0,0,0,0,0,0,0,0,0,0,0,0,0,0,0,0,0,0,0,0,0,0,0,0,0,0,0,0,0,0,0,0,0,0,0,0,0,0,0,0,0,0,0,0,0,0,0,0,0,0,0,0,0,0,0,0,0,0,0,0,0,0,0,0,0,0,0,0,0,0,0,0,0,0,0,0,0,0,0,0,0,0,0,0,0,0,0,0,0,0,0,0,0,0,0,0,0,0,0,0,0,0,0,0,0,0,0,0,0,0,0,Evilnum,G0120_Evilnum_EVILNUM_exe_f934c685506a5fc30ba4c63a14f81c2c51863a264c498186234b2edf7d05e51d.opcode.opcode
0,106,0,0,0,91,0,0,0,0,0,0,0,0,0,0,213,0,0,0,0,0,9,0,0,0,0,0,0,0,0,0,0,0,0,0,0,0,0,0,0,0,239,0,0,0,0,0,0,0,0,0,0,0,0,0,0,0,0,0,0,38,0,0,0,0,0,0,0,0,0,0,0,0,0,0,0,0,0,0,0,0,0,0,0,0,0,0,0,0,0,0,0,0,0,0,0,0,0,0,0,0,0,0,0,0,0,0,0,0,0,0,0,0,0,0,0,0,0,0,0,0,4,0,93,0,0,0,0,0,11,11,34,1,5,9,3,128,0,15,0,0,0,153,0,0,1,179,0,0,0,133,27,0,0,0,0,0,0,0,0,0,0,912,0,0,0,0,0,0,0,0,0,0,0,19,0,0,0,0,0,10,0,0,0,0,6,0,7,43,0,0,0,0,0,0,0,0,0,0,0,0,0,0,0,0,0,0,0,0,0,0,0,0,0,0,0,238,0,0,0,0,0,0,0,0,0,0,0,0,0,0,0,0,0,0,0,0,0,0,562,0,0,0,0,0,0,0,23,0,0,100,0,0,0,0,8,3,0,0,0,0,0,0,0,0,0,0,0,0,0,0,0,0,0,0,0,2,0,12,0,42,0,0,0,0,0,8,0,4,12,0,0,49,0,0,0,145,0,0,0,0,0,0,0,0,0,0,0,0,0,0,0,0,0,0,0,0,0,0,0,0,0,0,0,0,0,0,0,0,0,0,0,0,0,0,0,0,0,0,0,0,0,0,0,64,0,0,0,FIN5,G0053_FIN5_PsExec_exe_7fbf9bfeb14aa50c1f563ea45ebb1fa5d2b7da6107cb6d5569240bee70313b58.opcode.opcode
0,895,0,0,0,237,0,0,0,0,0,0,1,0,1,9,3586,0,0,11,13,0,0,0,0,0,3,0,0,13,1,4,1,0,0,0,0,15,0,0,11,23,906,0,0,0,0,0,0,0,0,0,0,0,0,0,0,0,0,0,0,186,5,0,0,0,0,0,0,0,0,0,0,0,0,0,0,0,0,0,0,0,0,0,0,0,0,0,0,0,0,0,0,0,0,0,0,0,0,0,0,0,0,0,0,0,0,0,0,0,0,0,0,0,0,0,0,0,0,0,0,3,94,0,265,0,0,0,0,0,19,23,11,39,64,106,220,730,0,11,0,0,54,510,0,0,41,1000,0,0,0,2983,0,0,0,0,0,0,0,0,0,0,0,10611,0,35,0,0,0,0,0,0,0,0,0,3,0,0,30,264,3,103,5,0,0,0,11,0,1,292,0,0,0,0,0,0,0,0,0,0,0,0,0,0,0,0,0,0,0,0,0,0,0,0,0,0,0,855,0,0,0,0,0,0,0,0,0,0,0,0,0,0,0,0,0,0,0,0,0,0,851,0,0,0,0,0,0,0,1,0,0,580,0,0,0,0,17,7,0,0,0,0,0,0,0,8,0,0,0,0,0,0,1,18,0,0,0,17,0,18,0,17,0,0,0,0,0,0,0,0,0,0,0,733,0,0,0,1104,0,0,0,0,0,0,0,0,0,0,0,0,0,0,0,0,0,0,0,0,0,0,0,0,0,0,0,0,0,0,0,0,0,0,0,0,0,0,0,0,0,0,0,0,0,0,0,1388,0,0,0,FIND7,G0046_FIND7_Carbanak_exe_16d2e5a617f5ab0170c869dbfe68087d21d4e6923d60e0ea58cc6cabe353da0c.opcode.opcode
0,0,0,0,0,0,0,0,0,0,0,0,0,0,0,0,1,0,0,0,0,0,0,0,0,0,0,0,0,0,0,0,0,0,0,0,0,0,0,0,0,0,2,0,0,0,0,0,0,0,0,0,0,0,0,0,0,0,0,0,0,0,0,0,0,0,0,0,0,0,0,0,0,0,0,0,0,0,0,0,0,0,0,0,0,0,0,0,0,0,0,0,0,0,0,0,0,0,0,0,0,0,0,0,0,0,0,0,0,0,0,0,0,0,0,0,0,0,0,0,0,0,0,0,1,0,0,0,0,0,0,0,1,0,0,0,0,0,0,0,0,0,0,2,0,0,0,1,0,0,0,0,0,0,0,0,0,0,0,0,0,0,0,5,0,0,0,0,0,0,0,0,0,0,0,0,0,0,0,0,0,0,0,0,0,0,0,0,0,0,0,0,0,0,0,0,0,0,0,0,0,0,0,0,0,0,0,0,0,0,0,0,0,0,0,0,0,3,0,0,0,0,0,0,0,0,0,0,0,0,0,0,0,0,0,0,0,0,0,0,4,0,0,0,0,0,0,0,0,0,0,2,0,0,0,0,0,0,0,0,0,0,0,0,0,0,0,0,0,0,0,0,0,0,0,0,0,0,0,0,0,1,0,0,0,0,0,0,0,0,0,0,0,1,0,0,0,1,0,0,0,0,0,0,0,0,0,0,0,0,0,0,0,0,0,0,0,0,0,0,0,0,0,0,0,0,0,0,0,0,0,0,0,0,0,0,0,0,0,0,0,0,0,0,0,2,0,0,0,GALLIUM,G0093_GALLIUM_NirCmd_924a9a5ecb555547cea7997b34d2ec56bb47a104628e5a6661ef12d2cdd87c6a.opcode.opcode
88,3383,19,45,0,1434,26,0,0,3,7,0,29,0,2,16,12366,0,10,87,0,0,6,0,0,0,10,5,12,8,4,12,2,2,0,0,0,48,0,0,7,47,4867,5,2,0,0,5,12,5,0,3,1,0,1,2,0,1,1,0,0,284,45,5,0,0,0,3,2,2,8,6,9,3,0,0,0,1,0,0,1,0,0,2,0,0,0,112,10,2,1,1,1,20,6,1,3,0,5,2,23,4,1,1,3,7,8,94,10,1,1,1,3,1,0,3,1,8,0,3,0,45,176,0,978,0,0,19,0,0,261,210,345,171,116,224,236,3372,0,276,0,5,129,3891,0,11,177,4721,0,5,0,6815,13,0,76,0,0,0,0,0,0,0,0,26011,54,4,47,113,56,2,86,0,0,15,6,107,0,5,61,0,8,1244,46,30,47,1,143,3,66,918,9,0,0,0,0,0,2,0,18,3,2,0,0,7,7,3,0,1,1,3,27,0,0,5,1,14,0,8349,0,0,5,0,1,0,14,0,3,0,0,0,19,0,0,3,25,4,4,0,1,0,20119,0,4,0,11,0,10,0,52,0,2,2690,0,1,40,5,148,198,2,0,0,2,5,0,8,159,2,2,1,0,0,0,1,118,3,0,0,85,0,152,7,371,19,0,3,0,0,3,11,6,77,0,7,2496,5,20,0,5323,1,0,4,7,0,0,0,0,0,0,0,0,0,0,0,0,0,0,0,0,0,0,0,1,1,2,0,0,0,0,0,0,0,0,0,0,0,0,2,0,2,6,20,20,1,0,1,2761,12,15,0,Gamaredon Group,G0047_Gamaredon Group_Remcos_exe_19d457ea6b26ff39e03a7652aaef9e0e963064bad85bbfb0c230a1b127b02e6b.opcode.opcode
0,0,0,0,0,0,0,0,0,0,0,0,0,0,0,0,0,0,0,0,0,0,0,0,0,0,0,0,0,0,0,0,0,0,0,0,0,0,0,0,0,0,0,0,0,0,0,0,0,0,0,0,0,0,0,0,0,0,0,0,0,0,0,0,0,0,0,0,0,0,0,0,0,0,0,0,0,0,0,0,0,0,0,0,0,0,0,0,0,0,0,0,0,0,0,0,0,0,0,0,0,0,0,0,0,0,0,0,0,0,0,0,0,0,0,0,0,0,0,0,0,0,0,0,0,0,0,0,0,0,0,0,0,0,0,0,0,1,0,0,0,0,0,0,0,0,0,0,0,0,0,0,0,0,0,0,0,0,0,0,0,0,0,0,0,0,0,0,0,0,0,0,0,0,0,0,0,0,0,0,0,0,0,0,0,0,0,0,0,0,0,0,0,0,0,0,0,0,0,0,0,0,0,0,0,0,0,0,0,0,0,0,0,0,0,0,0,0,0,0,0,0,0,0,0,0,0,0,0,0,0,0,0,0,0,0,0,0,0,0,0,0,0,0,0,0,0,0,0,0,0,0,0,0,0,0,0,0,0,0,0,0,0,0,0,0,0,0,0,0,0,0,0,0,0,0,0,0,0,0,0,0,0,0,0,0,0,0,0,0,0,0,0,0,0,0,0,0,0,0,0,0,0,0,0,0,0,0,0,0,0,0,0,0,0,0,0,0,0,0,0,0,0,0,0,0,0,0,0,0,0,0,0,0,0,0,0,0,0,0,0,0,0,0,0,0,0,0,0,HAFNIUM,G0125_HAFNIUM_Covenant_40c2e559992a7f595c593b419930a3f216516c3042ad86fb985348d53b6e01b9.opcode.opcode
24,486,0,0,0,310,0,0,0,0,0,0,0,0,0,0,2011,0,0,26,0,0,0,0,0,0,0,0,0,0,0,0,0,0,0,0,0,0,0,0,0,0,1422,0,0,0,0,0,0,0,0,0,0,0,0,0,0,0,0,0,0,176,16,0,0,0,0,0,0,0,0,0,0,0,0,0,0,0,0,0,0,0,0,0,0,0,0,0,0,0,0,0,0,0,0,0,0,0,0,0,0,0,0,0,0,0,0,0,0,0,0,0,0,0,0,0,0,0,0,0,0,17,64,0,437,0,0,0,0,0,37,85,73,34,35,105,53,733,0,83,0,0,6,697,0,0,4,1006,0,0,0,1281,132,0,0,0,0,0,0,0,0,0,0,4729,0,0,0,0,0,0,0,0,0,0,0,26,0,11,74,0,0,379,8,0,0,0,65,0,13,77,0,0,0,0,0,0,0,0,0,0,0,0,0,0,0,0,0,0,0,0,0,0,0,0,0,0,0,790,0,0,0,0,0,0,0,0,0,0,0,0,0,0,0,0,0,0,0,0,0,0,4476,0,0,0,0,0,2,0,6,0,0,455,0,10,6,0,26,80,0,0,0,0,3,0,2,1,1,4,0,0,0,0,0,35,0,0,0,19,0,68,1,113,1,0,0,0,0,0,0,1,1,0,0,313,0,0,0,721,0,0,0,0,0,0,0,0,0,0,0,0,0,0,0,0,0,0,0,0,0,0,0,0,0,0,0,0,0,0,0,0,0,0,0,0,0,0,0,0,0,0,0,1,0,0,0,536,0,0,0,Ke3chang,G0004_Ke3chang_TrickBot_fb0eac6223b17d68eaf7753aa83135c5574d6b718552bc49128e71ac52412196.opcode.opcode
552,10116,0,0,0,1813,0,0,0,0,0,69,18,0,0,2,10282,0,0,147,0,0,10,0,0,0,0,0,0,0,0,0,0,0,0,0,0,0,0,0,0,0,5857,0,0,0,1,0,0,7,0,0,0,0,0,0,0,1,0,0,1,602,45,0,0,13,0,0,1,0,1,3,4,1,0,0,0,0,0,0,5,0,0,1,0,1,0,29,1,0,0,0,0,11,2,1,1,0,0,0,8,0,0,0,0,3,2,38,0,0,4,0,0,0,0,0,0,2,0,0,0,17,112,0,1459,0,0,0,0,0,185,196,257,373,292,496,662,2943,0,228,0,1,98,4032,0,4,64,5955,0,2,0,3523,176,0,0,0,0,0,0,0,0,0,0,29329,0,0,95,154,8,0,0,0,0,153,4,49,0,1,138,0,2,837,213,0,0,0,177,274,45,1109,0,0,0,0,0,8,28,71,16,25,0,0,1,0,0,0,8,2,0,0,0,0,0,0,0,0,25,7550,9,0,22,0,0,8,0,0,0,20,30,4,43,0,34,4,47,6,0,0,4,0,26574,0,5,0,204,0,8,0,45,1,2,3450,0,347,242,0,269,254,2,0,0,0,0,0,0,16,3,4,2,0,0,0,0,67,0,0,0,50,0,477,94,697,130,1,1,0,0,9,2,1,45,0,0,1325,0,0,0,6394,0,0,0,0,0,0,0,0,0,0,0,0,0,82,8,0,0,0,0,27,0,16,0,0,0,0,16,8,16,4,0,20,4,0,0,0,56,0,0,2,0,2,0,4,1,0,0,4542,0,0,0,menuPass,G0045_menuPass_QuarksPwDump_3423c48fe1358e89e4e3b5160db9148c40bcd5a5085f049fc32f077681edfb25.opcode.opcode
0,0,0,0,0,0,0,0,0,0,0,0,0,0,0,0,7,0,0,0,0,0,0,0,0,0,0,0,0,0,0,0,0,0,0,0,0,0,0,0,0,0,0,0,0,0,0,0,0,0,0,0,0,0,0,0,0,0,0,0,0,0,0,0,0,0,0,0,0,0,0,0,0,0,0,0,0,0,0,0,0,0,0,0,0,0,0,0,0,0,0,0,0,0,0,0,0,0,0,0,0,0,0,0,0,0,0,0,0,0,0,0,0,0,0,0,0,0,0,0,0,0,0,0,0,0,0,0,0,0,0,0,0,0,0,0,0,5,0,0,0,0,0,0,0,0,0,0,0,0,0,0,1,0,0,0,0,0,0,0,0,0,0,13,0,0,0,0,0,0,0,0,0,0,0,0,0,0,0,0,0,0,0,0,0,0,0,1,0,0,0,0,0,0,0,0,0,0,0,0,0,0,0,0,0,0,0,0,0,0,0,0,0,0,0,0,0,0,0,0,0,0,0,0,0,0,0,0,0,0,0,0,0,0,0,0,0,0,0,0,8,0,0,0,0,0,0,0,0,0,0,1,0,0,0,0,0,0,0,0,0,0,0,0,0,0,0,0,0,0,0,0,0,0,0,0,0,0,0,0,0,0,0,0,0,0,0,0,0,0,0,0,0,1,0,0,0,0,0,0,0,0,0,0,0,0,0,0,0,0,0,0,0,0,0,0,0,0,0,0,0,0,0,0,0,0,0,0,0,0,0,0,0,0,0,0,0,0,0,0,0,0,0,0,0,0,0,0,0,Moafee,G0002_Moafee_PoisonIvy_3fd019d3bc905bc41e760a00ce4748e25b7ba660dd08a96181a4a60671a05f5b.opcode.opcode
34,1303,7,5,0,604,7,0,0,3,7,0,14,0,1,2,3558,0,0,31,0,0,5,0,0,0,83,0,16,0,0,0,0,1,0,0,0,5,0,0,2,6,2019,2,2,0,0,1,0,3,0,0,0,0,0,1,0,0,0,0,1,121,35,2,0,0,0,1,2,0,3,6,7,2,0,0,0,1,0,0,0,0,0,1,1,0,0,80,6,3,1,0,1,14,1,1,3,0,2,3,23,4,0,0,0,8,4,74,4,0,0,0,3,0,1,2,0,2,0,1,0,20,59,0,528,0,0,12,0,0,166,173,172,51,43,88,82,1238,0,125,0,6,24,1189,0,9,27,1613,0,5,0,2091,207,0,28,0,0,0,0,0,0,0,0,11807,25,56,10,55,31,2,39,0,0,66,5,17,0,0,55,0,214,364,25,8,3,0,88,176,21,472,2,1,0,0,0,0,0,0,9,0,0,0,0,7,0,3,0,0,1,0,4,0,0,0,0,9,0,2229,0,0,1,0,0,0,3,0,3,0,0,0,2,0,0,0,4,1,0,0,0,0,7557,0,4,0,4,0,8,0,31,0,2,863,0,0,16,0,159,82,2,0,0,1,1,0,2,3,1,0,0,0,0,0,0,24,0,0,0,28,0,152,1,162,5,0,0,0,0,2,10,1,51,0,2,804,2,0,0,1541,1,0,2,2,0,0,0,0,0,0,0,0,0,0,0,0,0,0,0,0,0,0,0,1,1,2,0,0,0,0,0,0,0,0,0,0,2,0,0,0,2,5,7,17,1,0,0,1116,1,162,0,Patchwork,G0040_Patchwork_Badnews_exe_776055d87c5fb00c69a759de5dd47019f9e45f0f4972d5c677b4a33bdbaedd1d.opcode.opcode
0,262,0,0,0,94,0,0,0,0,0,0,0,0,0,0,87,0,0,0,0,0,1,0,0,0,6,0,1,0,0,0,0,0,0,0,0,1,0,0,0,3,224,0,0,0,0,0,0,2,0,0,0,0,0,0,0,0,0,0,0,63,7,0,0,2,0,0,0,0,0,0,0,0,0,0,0,0,0,0,0,0,0,0,0,0,0,0,0,0,0,0,0,0,0,0,0,0,0,0,0,0,0,0,0,0,0,0,0,0,0,0,0,0,0,0,0,0,0,0,0,0,1,0,72,0,0,0,0,0,20,30,41,1,3,2,4,129,0,27,0,0,1,92,0,0,1,172,0,0,0,70,1,0,0,0,0,4,0,0,0,0,0,1263,0,0,18,0,0,0,0,0,0,4,13,0,0,0,0,0,0,122,0,0,0,0,7,0,5,13,0,0,0,0,0,0,0,0,0,2,0,0,0,0,0,0,0,0,0,0,0,0,0,0,0,0,0,118,2,0,2,0,0,0,0,0,0,0,0,0,2,0,0,0,7,0,0,0,0,0,298,0,4,0,1,0,0,0,17,0,0,28,0,0,0,0,4,2,0,0,0,0,0,0,0,0,0,0,0,0,0,0,0,0,0,0,0,0,0,64,0,108,0,0,0,0,0,0,0,5,1,0,0,131,0,0,0,151,0,0,0,0,0,0,0,0,0,0,0,0,0,0,0,0,0,0,0,0,0,0,0,0,0,0,0,0,0,0,0,0,0,0,0,0,0,0,0,0,0,0,0,1,0,0,0,136,0,0,0,Sandworm,G0034_Sandworm_BadRabbit_exe_630325cac09ac3fab908f903e3b00d0dadd5fdaa0875ed8496fcbb97a558d0da.opcode.opcode
0,5,0,0,0,2,0,0,0,0,0,0,0,0,0,0,14,0,0,3,0,0,0,0,0,0,0,0,0,0,0,0,0,0,0,0,0,0,0,0,0,0,4,0,0,0,0,0,0,0,0,0,0,0,0,0,0,0,0,0,0,0,0,0,0,0,0,0,0,0,0,0,0,0,0,0,0,0,0,0,0,0,0,0,0,0,0,0,0,0,0,0,0,0,0,0,0,0,0,0,0,0,0,0,0,0,0,0,0,0,0,0,0,0,0,0,0,0,0,0,0,3,6,0,0,0,0,0,0,0,0,0,0,0,0,1,0,2,0,0,0,0,0,1,0,0,0,3,0,0,0,6,1,0,0,0,0,0,0,0,0,0,0,20,0,0,0,0,0,0,0,0,0,0,0,0,0,0,0,0,0,9,0,0,0,0,0,0,0,3,0,0,0,0,0,0,0,0,0,0,0,0,0,0,0,0,0,0,0,0,0,0,0,0,0,0,0,3,0,0,0,0,0,0,0,0,0,0,0,0,0,0,0,0,0,0,0,0,0,0,34,0,0,0,0,0,0,0,0,0,0,1,0,0,0,0,0,0,0,0,0,0,0,0,0,0,0,0,0,0,0,0,0,0,0,0,0,0,0,2,0,0,0,0,0,0,0,0,0,0,0,0,0,2,0,0,0,1,0,0,0,0,0,0,0,0,0,0,0,0,0,0,0,0,0,0,0,0,0,0,0,0,0,0,0,0,0,0,0,0,0,0,0,0,0,0,0,0,0,0,0,0,0,0,0,1,0,0,0,Sidewinder,G0121_Sidewinder_Koadic_exe_daa137bbce6d92671af04ad84c20b0ee89f497083408b60a7c1b1c72fe463acf.opcode.opcode
0,18,0,0,0,8,0,0,0,0,0,0,0,0,0,0,40,0,0,0,0,0,0,0,0,0,0,0,0,0,0,0,0,0,0,0,0,0,0,0,0,0,33,0,0,0,0,0,0,0,0,0,0,0,0,0,0,0,0,0,0,4,0,0,0,0,0,0,0,0,0,0,0,0,0,0,0,0,0,0,0,0,0,0,0,0,0,0,0,0,0,0,0,0,0,0,0,0,0,0,0,0,0,0,0,0,0,0,0,0,0,0,0,0,0,0,0,0,0,0,0,0,2,0,4,0,0,0,0,0,3,3,0,0,2,2,3,25,0,0,0,0,0,10,0,0,2,23,0,0,0,18,5,0,0,0,0,0,0,0,0,0,0,162,0,0,0,0,0,0,0,0,0,0,0,0,0,0,0,0,0,5,0,0,0,0,0,0,0,10,0,0,0,0,0,0,0,0,0,0,0,0,0,0,0,0,0,0,0,0,0,0,0,0,0,0,0,35,0,0,0,0,0,0,0,0,0,0,0,0,0,0,0,0,0,0,0,0,0,0,102,0,2,0,0,0,0,0,0,0,0,9,0,0,0,0,1,0,0,0,0,0,0,0,0,0,0,0,0,0,0,0,0,0,0,0,0,1,0,0,0,1,0,0,0,0,0,0,0,0,0,0,0,7,0,0,0,14,0,0,0,0,0,0,0,0,0,0,0,0,0,0,0,0,0,0,0,0,0,0,0,0,0,0,0,0,0,0,0,0,0,0,0,0,0,0,0,0,0,0,0,0,0,0,0,15,0,0,0,TEMPveles,G0088_TEMPveles_mimikatz_exe_4a7f71479e004b53c391b7899d720c9a8c6c18a9c0bfbcb40f521ad2a6345c3f.opcode.opcode
0,1172,0,1,0,236,0,0,0,0,0,0,0,0,10,6,3728,0,0,27,231,0,0,0,0,0,1,0,0,0,0,0,0,0,0,0,0,0,0,0,0,0,2024,0,0,0,0,0,2,0,0,4,0,3,0,1,0,0,0,0,0,108,10,1,1,0,0,0,0,0,0,0,0,0,0,0,0,0,0,0,0,0,0,0,0,0,0,0,0,0,0,0,0,0,0,0,0,0,0,0,0,0,0,0,0,0,0,0,0,0,0,0,0,0,0,0,0,0,0,0,0,15,329,0,484,0,0,0,0,0,10,31,13,48,156,72,99,1623,0,42,0,0,0,943,0,0,0,1123,0,0,0,3130,0,0,2,0,0,0,0,0,0,0,0,18987,1,0,4,0,0,0,0,0,0,0,4,11,0,0,46,671,0,1075,0,0,1,0,0,0,2,44,0,0,0,0,0,0,0,0,0,0,0,0,0,0,0,0,0,0,0,3,0,0,0,0,0,0,0,29,0,0,0,0,4,0,0,0,0,0,0,0,0,0,0,0,0,0,0,0,0,0,13,0,0,0,1,0,0,0,6,0,0,284,0,0,0,0,50,0,0,0,0,1,0,0,0,0,0,0,0,0,0,0,0,0,0,0,0,0,0,89,0,129,0,0,0,0,0,0,0,2,0,0,0,498,0,0,0,512,0,0,0,0,3,0,0,0,0,0,0,0,0,0,0,0,0,0,0,0,0,0,0,0,0,0,0,0,0,0,0,0,0,0,0,0,0,0,0,0,0,0,2,1,0,0,0,1474,1,0,0,Turla,G0010_Turla_Carbon_exe_6f0a26ae3b02e93f420addaf2d070b6622b79c373e2f22e8a9a32cc565a1b3c6.opcode.opcode
